{
  "metadata": {
    "exportedBy": "Topographic Attribute Maps Demo",
    "version": "1.20"
  },
  "parameters": {
    "PARAM_ENERGIZE": true,
    "PARAM_USE_MOUSEOVER": false,
    "PARAM_SHOW_TOOLTIPS": true,
    "PARAM_GRAVITY_X": 0.07,
    "PARAM_GRAVITY_Y": 0.07,
    "PARAM_REPULSION_STRENGTH": 400,
    "PARAM_LINK_STRENGTH": 1.8,
    "PARAM_SF_STRENGTH": 0,
    "PARAM_FRICTION": 0.2,
    "PARAM_SHOW_GRAPH": true,
    "PARAM_SHOW_LIFELINES": false,
    "PARAM_SHOW_LINKS": true,
    "PARAM_SHOW_NAMES": true,
    "PARAM_LINK_WIDTH": 2,
    "PARAM_NODE_RADIUS": 10,
    "PARAM_PERSON_LABEL_OPACITY": 0.7,
    "PARAM_SHOW_CONTOURS": true,
    "PARAM_REVERSE_COLORMAP": false,
    "PARAM_INTERPOLATE_NN": false,
    "PARAM_EMBED_LINKS": true,
    "PARAM_SHOW_TUNNELS": true,
    "PARAM_SHADING": true,
    "PARAM_SCALARFIELD_DILATION_ITERS": 2,
    "PARAM_RANGE_MIN": 1512,
    "PARAM_RANGE_MAX": 1796,
    "PARAM_CONTOUR_STEP": 10,
    "PARAM_CONTOUR_BIG_STEP": 100,
    "PARAM_INDICATOR_FONTSIZE": 15,
    "PARAM_HEIGHT_SCALE": 50,
    "PARAM_SCALARFIELD_RESOLUTION": 400,
    "PARAM_LINK_SAMPLE_STEPSIZE": 2,
    "PARAM_UNDERGROUND_THRESHOLD": 10,
    "PARAM_SOURCE_FILE": "MA.ged"
  },
  "nodePositions": {
    "@F0029@": {
      "x": -8.69885777971432,
      "y": 17.41982724920503,
      "fixed": false
    },
    "@F0034@": {
      "x": -29.908206170557584,
      "y": 232.53200593634773,
      "fixed": false
    },
    "@F0066@": {
      "x": -369.0620225883641,
      "y": -19.716400462460427,
      "fixed": false
    },
    "@F0095@": {
      "x": 10.247106067425664,
      "y": 165.87812971841913,
      "fixed": false
    },
    "@F0198@": {
      "x": -27.89326594834161,
      "y": -183.8460071212784,
      "fixed": false
    },
    "@F0264@": {
      "x": -210.3941570992841,
      "y": -233.93589731950888,
      "fixed": false
    },
    "@F0275@": {
      "x": -112.26205328251592,
      "y": 37.42398328672339,
      "fixed": false
    },
    "@F0299@": {
      "x": -233.5232453394839,
      "y": -49.919267681026255,
      "fixed": false
    },
    "@F0301@": {
      "x": -367.6485255180477,
      "y": 106.9713735902617,
      "fixed": false
    },
    "@F0420@": {
      "x": -255.4560599403398,
      "y": 244.6277828703199,
      "fixed": false
    },
    "@F0884@": {
      "x": 416.738855020277,
      "y": 92.35916775684883,
      "fixed": false
    },
    "@F0886@": {
      "x": 328.69965708260173,
      "y": 196.0331292740292,
      "fixed": false
    },
    "@F0921@": {
      "x": 160.23325995641991,
      "y": 200.82588399687697,
      "fixed": false
    },
    "@F1355@": {
      "x": -320.19369065687044,
      "y": -424.0504765034885,
      "fixed": false
    },
    "@F1360@": {
      "x": -193.27139278928757,
      "y": -387.80066277275034,
      "fixed": false
    },
    "@F1478@": {
      "x": 412.66758816687235,
      "y": 298.9635840159412,
      "fixed": false
    },
    "@F1581@": {
      "x": -100.86972551199794,
      "y": -484.35368702534043,
      "fixed": false
    },
    "@F1634@": {
      "x": 313.4315243844419,
      "y": -406.79897412473355,
      "fixed": false
    },
    "@F1635@": {
      "x": 285.6539896376979,
      "y": -280.1007091952771,
      "fixed": false
    },
    "@F1636@": {
      "x": 140.21591561664445,
      "y": -238.33989428244183,
      "fixed": false
    },
    "@F1940@": {
      "x": 90.88547292784507,
      "y": 328.63963280416334,
      "fixed": false
    },
    "@F2433@": {
      "x": -498.1933218707045,
      "y": 140.78407766599085,
      "fixed": false
    },
    "@F5032@": {
      "x": 399.58770843371576,
      "y": -211.09181456524502,
      "fixed": false
    },
    "@F5739@": {
      "x": -190.8649006027171,
      "y": 535.9447174582467,
      "fixed": false
    },
    "@F5742@": {
      "x": -237.47048269473868,
      "y": 413.49247853222533,
      "fixed": false
    },
    "@I0032@": {
      "x": -20.309512230567222,
      "y": 204.10903855701892,
      "fixed": true
    },
    "@I0033@": {
      "x": -24.21266038447832,
      "y": -154.07264414892913,
      "fixed": false
    },
    "@I0036@": {
      "x": 18.965298762416168,
      "y": 5.8140337471432915,
      "fixed": true
    },
    "@I0037@": {
      "x": -225.45607097526118,
      "y": 244.6535140801802,
      "fixed": false
    },
    "@I0066@": {
      "x": -455.36905289645904,
      "y": -60.13715519450807,
      "fixed": false
    },
    "@I0099@": {
      "x": 78.82852285784257,
      "y": 301.16910395942745,
      "fixed": false
    },
    "@I0209@": {
      "x": -183.78440677190235,
      "y": -230.89252014421913,
      "fixed": true
    },
    "@I0265@": {
      "x": 111.78219269066913,
      "y": -228.77310795845267,
      "fixed": false
    },
    "@I0266@": {
      "x": 130.65527304832307,
      "y": 205.84013274065225,
      "fixed": false
    },
    "@I0339@": {
      "x": -230.9160432202762,
      "y": -79.8057612376414,
      "fixed": false
    },
    "@I0340@": {
      "x": -195.95126446674593,
      "y": -357.92059771605483,
      "fixed": false
    },
    "@I0349@": {
      "x": -157.94012163684388,
      "y": 133.56737090248456,
      "fixed": false
    },
    "@I0392@": {
      "x": -346.65852296495774,
      "y": 0.23562210729503885,
      "fixed": false
    },
    "@I0393@": {
      "x": -406.13949643081935,
      "y": -105.08110335524377,
      "fixed": false
    },
    "@I0528@": {
      "x": -216.71645616352586,
      "y": 60.47620395976676,
      "fixed": false
    },
    "@I0543@": {
      "x": -145.13512653124133,
      "y": 10.603076233009967,
      "fixed": false
    },
    "@I0545@": {
      "x": -469.048820150857,
      "y": 133.67084917944499,
      "fixed": false
    },
    "@I0547@": {
      "x": -350.2472515537455,
      "y": 131.40896071377495,
      "fixed": false
    },
    "@I0551@": {
      "x": -240.7958730903322,
      "y": 383.6773518560414,
      "fixed": false
    },
    "@I0829@": {
      "x": -81.90392001938727,
      "y": 67.06152273887972,
      "fixed": false
    },
    "@I10207@": {
      "x": 492.1411545986173,
      "y": -231.38445665293793,
      "fixed": false
    },
    "@I10208@": {
      "x": 466.2492729767746,
      "y": -145.1523778115597,
      "fixed": false
    },
    "@I12058@": {
      "x": -279.1582074019835,
      "y": 573.0406924863616,
      "fixed": false
    },
    "@I12060@": {
      "x": -108.34484971024482,
      "y": 582.879820957916,
      "fixed": false
    },
    "@I12065@": {
      "x": -202.377283438709,
      "y": 508.24155804568943,
      "fixed": false
    },
    "@I12066@": {
      "x": -149.70808646681337,
      "y": 431.3648272095515,
      "fixed": false
    },
    "@I1301@": {
      "x": 511.29868836867155,
      "y": 84.46207739291536,
      "fixed": false
    },
    "@I1302@": {
      "x": 465.5491844907018,
      "y": 12.559323679616874,
      "fixed": false
    },
    "@I1303@": {
      "x": 394.80517573072666,
      "y": 112.82654943656425,
      "fixed": false
    },
    "@I1363@": {
      "x": 29.912092961650302,
      "y": 188.53399629751897,
      "fixed": true
    },
    "@I2070@": {
      "x": 394.1583619882413,
      "y": 275.3540828295908,
      "fixed": false
    },
    "@I2073@": {
      "x": 298.70686683008455,
      "y": 196.69080158491855,
      "fixed": false
    },
    "@I2090@": {
      "x": -400.5243229550184,
      "y": -374.4714630879132,
      "fixed": false
    },
    "@I2091@": {
      "x": -398.3370077853464,
      "y": -477.1117615438277,
      "fixed": false
    },
    "@I2093@": {
      "x": -291.27808949882484,
      "y": -416.0574789638397,
      "fixed": false
    },
    "@I2094@": {
      "x": -121.99001124114336,
      "y": -463.0479711087312,
      "fixed": false
    },
    "@I2271@": {
      "x": 505.6850733720921,
      "y": 316.2046526914931,
      "fixed": false
    },
    "@I2272@": {
      "x": 407.1677692400812,
      "y": 393.42280125824243,
      "fixed": false
    },